route_short_name,terminal_ida,lat_ida,lon_ida,terminal_volta,lat_volta,lon_volta
006,Ponto Final: Silvestre,-22.945657,-43.207678,Ponto Regulador: Castelo :: Linha 006,-22.908830,-43.174770
007,Ponto Final: Silvestre,-22.945657,-43.207678,Terminal Procópio Ferreira :: Plat. Norte,-22.904565,-43.191892
010,Ponto Final: Bairro de Fátima :: Nossa Senhora de Fátima,-22.916980,-43.188230,,,
10,Santa Cruz,-22.916685,-43.683705,Terminal Alvorada :: Plataforma A19,-23.001118,-43.367816
100,Ponto Final: Metrô General Osório :: Rua Visconde de Pirajá,-22.984747,-43.197457,Terminal Procópio Ferreira :: Plat. Norte,-22.904565,-43.191892
104,Ponto Final: São Conrado,-22.998852,-43.270560,Terminal Gentileza :: Plataforma B4,-22.899158,-43.211514
107,Terminal Procópio Ferreira :: Plat. Central,-22.904898,-43.192358,Ponto Regulador: Urca :: Linha 107,-22.943340,-43.160810
11,Santa Cruz,-22.916685,-43.683705,Terminal Alvorada :: Plataforma A16,-23.001109,-43.367264
117,Terminal Procópio Ferreira :: Plat. Sul,-22.904988,-43.192317,Terminal do Cosme Velho :: Plataforma A,-22.939810,-43.199760
12,Terminal Pingo d'Água,-22.965404,-43.646949,Terminal Alvorada :: Plataforma A14,-23.001097,-43.366824
13,Mato Alto,-22.994070,-43.596530,Terminal Alvorada :: Plataforma A12,-23.001088,-43.366492
133,Ponto Final: Metrô Largo do Machado,-22.930967,-43.178270,Terminal Gentileza :: Plataforma B12,-22.899904,-43.210618
14,Santa Eugênia,-22.916824,-43.633009,Terminal Paralímpico Recreio :: Plataforma A,-23.008509,-43.440389
15,Terminal Curral Falso :: Linha 15,-22.936660,-43.667766,Terminal Alvorada :: Plataforma A16,-23.001109,-43.367264
16,Magarça,-22.968690,-43.622000,Terminal Alvorada :: Plataforma A12,-23.001088,-43.366492
161,Terminal Gentileza :: Plataforma B3,-22.899015,-43.211691,,,
165,Terminal Gentileza :: Plataforma A12,-22.900080,-43.210672,Terminal do Cosme Velho :: Plataforma A,-22.939810,-43.199760
167,Terminal Gentileza :: Plataforma B10,-22.899744,-43.210824,Ponto Regulador: Urca :: Linha 107,-22.943340,-43.160810
169,Terminal Gentileza :: Plataforma A8,-22.899543,-43.211313,Ponto Final: Metrô General Osório :: Rua Visconde de Pirajá,-22.984747,-43.197457
17,Campo Grande,-22.901810,-43.554770,Santa Cruz,-22.917540,-43.683400
18,Pontal,-23.016364,-43.515884,Terminal Jardim Oceânico :: Plataforma A,-23.006600,-43.312580
19,Terminal Pingo d'Água,-22.965404,-43.646949,Salvador Allende,-23.008120,-43.442290
20,Santa Cruz,-22.916685,-43.683705,Salvador Allende,-23.008330,-43.443130
201,Ponto Final: Santa Alexandrina :: 201,-22.934843,-43.209949,Debret,-22.907320,-43.173960
202,Ponto Final: Rio Comprido :: Sampaio Viana,-22.923710,-43.212310,Ponto Regulador: Castelo :: Linhas Área Central,-22.908248,-43.170956
209,Igreja Nossa Senhora da Candelária,-22.900515,-43.177892,Ponto Final: Caju :: General Sampaio,-22.877428,-43.216143
210,Ponto Final: Caju :: General Sampaio,-22.877428,-43.216143,Igreja Nossa Senhora da Candelária,-22.900515,-43.177892
2110,Terminal Arquiteto Julius Sass :: Plataforma B,-22.958240,-43.352160,Castelo :: Linha 2110,-22.904840,-43.175770
2111,Ponto Final: Praça Seca :: Baronesa (Ônibus Executivo),-22.900560,-43.346937,Ponto Final: Castelo :: Linha 2111,-22.904630,-43.175430
2112,Ponto Final: Taquara (Praça Nidia Otero),-22.914620,-43.381070,"BRS 1,2,3,4,5,I: Graça Aranha",-22.906503,-43.175810
2114,Ponto Final: Pechincha :: Capenha,-22.932360,-43.349290,Ponto Final: Castelo :: Linha 2114,-22.904410,-43.175050
217,Ponto Final: Andaraí :: Leopoldo,-22.930780,-43.254158,Terminal Jamil Amiden :: Linhas 217 e 249,-22.908810,-43.179380
22,Terminal Alvorada :: Plataforma A10,-23.001087,-43.366157,Terminal Jardim Oceânico :: Plataforma A,-23.006600,-43.312580
220,Terminal Prof. Carlos Manes Bandeira (Usina) :: Plat. B,-22.946307,-43.256828,Igreja Nossa Senhora da Candelária,-22.900515,-43.177892
229,Terminal Prof. Carlos Manes Bandeira (Usina) :: Plat. A,-22.946292,-43.256964,Terminal Jamil Amiden :: Linha 229,-22.908370,-43.178130
2303,Cesarão :: Linha 2303,-22.937460,-43.655270,Terminal Jamil Amiden :: Ônibus Executivos,-22.909170,-43.180480
2305,Ponto Final: Jardim América :: Linhas para o Centro,-22.810677,-43.329519,Terminal Churchill :: Plataforma Sul,-22.908986,-43.170703
2307,Aporuna,-22.946110,-43.639910,Terminal Jamil Amiden :: Ônibus Executivos,-22.909170,-43.180480
2308,Ponto Final: Cosmos :: Praça Igara,-22.911887,-43.614456,Terminal Jamil Amiden :: Ônibus Executivos,-22.909170,-43.180480
2309,Ponto Final: Urucânia :: Rua Cilon Cunha Brum (Linha 2309),-22.913049,-43.656131,Terminal Jamil Amiden :: Ônibus Executivos,-22.909170,-43.180480
2310,Ponto Final: Bangu :: Jardim Violeta (Rua Claudino Pinheiro),-22.897450,-43.486890,"Ponto Final: Candelária :: Linhas 393, 2310, SN388 e SR393",-22.901639,-43.181276
232,Ponto Final: Engenho de Dentro :: Intendente Cunha Menezes,-22.900769,-43.290262,Terminal Churchill :: Plataforma Sul,-22.908986,-43.170703
2334,Terminal Rodoviário de Campo Grande :: Plat. D.,-22.902140,-43.555160,Terminal Rodoviário Menezes Cortes :: Plat. B,-22.905406,-43.174822
2335,Terminal Rodoviário Urbano Álvaro Alberto,-22.915100,-43.682750,Terminal Rodoviário Menezes Cortes :: Plat. B,-22.905406,-43.174822
2336,Ponto Final: Campo Grande :: Linhas Executivas,-22.901720,-43.558160,Terminal Rodoviário Menezes Cortes :: Plat. B,-22.905406,-43.174822
2337,Largo do Bodegão,-22.926480,-43.690912,Terminal Rodoviário Menezes Cortes :: Plat. A,-22.905313,-43.174898
2338,Terminal Rodoviário de Campo Grande :: Plat. D.,-22.902140,-43.555160,Terminal Rodoviário Menezes Cortes :: Plat. B,-22.905406,-43.174822
2339,Ponto Final: West Shopping,-22.885856,-43.556815,Terminal Rodoviário Menezes Cortes :: Plat. B,-22.905406,-43.174822
2342,Ponto Final: Bananal :: Linhas para o Centro,-22.789137,-43.161960,Ponto Final: Castelo :: Ônibus Executivos (Linhas para a Ilha do Governador),-22.907050,-43.174040
2343,Terminal da Ribeira :: Plataforma C,-22.825494,-43.169325,Ponto Final: Castelo :: Ônibus Executivos (Linhas para a Ilha do Governador),-22.907050,-43.174040
2344,Ponto Final: Bancários :: Dr. Agenor de Almeida Loyola,-22.790617,-43.180957,Ponto Final: Castelo :: Ônibus Executivos (Linhas para a Ilha do Governador),-22.907050,-43.174040
2345,Ponto Final: Vila Valqueire :: Praça Saiqui (Ônibus Executivos),-22.883060,-43.368010,Terminal Rodoviário Menezes Cortes :: Plat. A,-22.905313,-43.174898
238,Ponto Final: Água Santa :: Joaquim Martins,-22.898888,-43.313189,Terminal Churchill :: Plataforma Sul,-22.908986,-43.170703
2381,Ponto Final: Pedra de Guaratiba :: Estrada da Matriz,-23.000080,-43.633120,Terminal Rodoviário Menezes Cortes :: Plat. B,-22.905406,-43.174822
2383,Ponto Final: Sepetiba :: Linha 2383,-22.987252,-43.688406,Terminal Jamil Amiden :: Ônibus Executivos,-22.909170,-43.180480
239,Ponto Final: Água Santa :: Garcia Vasques,-22.901831,-43.314256,Ponto Final: Passeio :: Linhas 239 e 247,-22.912390,-43.176520
247,Ponto Final: Camarista Méier,-22.914455,-43.298269,Ponto Final: Passeio :: Linhas 239 e 247,-22.912390,-43.176520
249,Ponto Final: Água Santa :: Fagundes Varela,-22.897637,-43.312680,Terminal Jamil Amiden :: Linhas 217 e 249,-22.908810,-43.179380
25,Mato Alto,-22.993580,-43.597119,Terminal Alvorada :: Plataforma A16,-23.001109,-43.367264
254,Ponto Final: Madureira :: Rua Antônio de Abreu,-22.869370,-43.341270,Ponto Final: Candelária :: Linhas para Zona Norte,-22.902005,-43.180841
2613,Ponto Final: Riocentro,-22.976090,-43.413840,Ponto Final: Del Castilho :: Linhas para Zona Oeste,-22.878735,-43.272276
2614,Terminal Alvorada :: Plataforma D16,-23.001571,-43.365648,Ponto Final: Del Castilho :: Linhas para Zona Oeste,-22.878735,-43.272276
265,Ponto Final: Marechal Hermes :: Sirici,-22.857105,-43.366164,Ponto Regulador: Castelo :: Linha 265,-22.908115,-43.170819
275,Terminal Rodoviário Américo Ayres :: Plat. C,-22.901989,-43.275370,Igreja Nossa Senhora da Candelária,-22.900515,-43.177892
277,Ponto Final: Rocha Miranda :: Jundiá,-22.860045,-43.354844,Ponto Final: Candelária :: Linhas para Zona Norte,-22.902005,-43.180841
28,Terminal Pingo d'Água :: Linha 28,-22.965412,-43.647622,Terminal Curral Falso :: Linha 28,-22.936781,-43.667401
2802,Ponto Final: São Fernando,-22.889850,-43.717440,Terminal Nuta James,-23.005478,-43.312534
2803,Ponto Final: Vila Kennedy :: Mato Alto e Barra da Tijuca,-22.856220,-43.493020,"Ponto Final: Barra da Tijuca :: Linhas 2801, 2803 e 2804",-23.007657,-43.303874
2804,Ponto Final: Bangu :: Linhas Executivas,-22.876670,-43.463610,"Ponto Final: Barra da Tijuca :: Linhas 2801, 2803 e 2804",-23.007657,-43.303874
292,Ponto Final: Engenho da Rainha :: Adhemar Bebiano,-22.865404,-43.299333,Terminal Churchill :: Plataforma Sul,-22.908986,-43.170703
296,Ponto Final: Irajá :: Praça Itala Fernandes,-22.824464,-43.329353,Terminal Churchill :: Plataforma Sul,-22.908986,-43.170703
298,Ponto Final: Acari :: Pedro Jório,-22.830754,-43.353504,Terminal Churchill :: Plataforma Sul,-22.908986,-43.170703
300,Terminal Sulacap :: Plataforma A (Ônibus Convencionais),-22.884560,-43.399540,Ponto Final: Candelária :: Linhas para Zona Oeste,-22.901611,-43.179679
301,Terminal Gentileza :: Plataforma A9,-22.899643,-43.211189,Terminal Alvorada :: Plataforma D13,-23.001565,-43.365441
302,Terminal Gentileza :: Plataforma A10,-22.899788,-43.211015,Terminal Alvorada :: Plataforma D7,-23.001558,-43.365079
306,Praça Seca :: Linhas para o Castelo,-22.900065,-43.347602,Ponto Final: Castelo :: Linha 306,-22.905070,-43.176170
31,Vicente de Carvalho,-22.852810,-43.313020,Terminal Alvorada :: Plataforma B3,-23.001306,-43.364808
311,Ponto Final: Engenheiro Leal :: Barbosa Rodrigues,-22.875528,-43.323872,Ponto Final: Candelária :: Linhas para Zona Norte,-22.902005,-43.180841
312,Ponto Final: Olaria :: Ministro Moreira de Abreu,-22.852325,-43.281128,Igreja Nossa Senhora da Candelária,-22.900515,-43.177892
313,Ponto Final: Penha :: Aimoré,-22.844015,-43.284501,Ponto Final: Praça Tiradentes,-22.907310,-43.183000
315,Terminal Procópio Ferreira :: Plat. Sul,-22.904988,-43.192317,Ponto Final: Recreio dos Bandeirantes :: Terreirão,-23.021630,-43.482640
321,EISA,-22.786449,-43.187330,Terminal Churchill :: Plataforma Norte,-22.908874,-43.170562
323,Ponto Final: Bananal :: Linhas para o Centro,-22.789137,-43.161960,Terminal Churchill :: Plataforma Norte,-22.908874,-43.170562
324,Terminal da Ribeira :: Plataforma B,-22.825542,-43.169242,Ponto Final: Candelária :: Linhas 324 e 329,-22.902430,-43.181646
325,Terminal da Ribeira :: Plataforma B,-22.825542,-43.169242,Terminal Churchill :: Plataforma Norte,-22.908874,-43.170562
326,EISA,-22.786449,-43.187330,Ponto Final: Candelária :: Linha 326,-22.902564,-43.182057
327,Terminal da Ribeira :: Plataforma A,-22.825578,-43.169152,Terminal Churchill :: Plataforma Sul,-22.908986,-43.170703
328,Ponto Final: Bananal :: Linhas para o Centro,-22.789137,-43.161960,Ponto Final: Candelária :: Linha 328,-22.902674,-43.182390
329,Ponto Final: Bancários :: Ilha das Enxadas,-22.790684,-43.181062,Ponto Final: Candelária :: Linhas 324 e 329,-22.902430,-43.181646
335,Ponto Final: Cordovil,-22.816539,-43.291664,Ponto Final: Praça Tiradentes,-22.907310,-43.183000
338,Ponto Final: Taquara (Praça Nidia Otero),-22.914620,-43.381070,Ponto Final: Candelária :: Linhas para Zona Oeste,-22.901611,-43.179679
341,Ponto Final: Taquara (Praça Nidia Otero),-22.914620,-43.381070,Ponto Final: Candelária :: Linhas para Zona Oeste,-22.901611,-43.179679
342,Ponto Final: Jardim América :: Linhas para o Centro,-22.810677,-43.329519,Terminal Churchill :: Plataforma Sul,-22.908986,-43.170703
343,Terminal Nuta James,-23.005478,-43.312534,Ponto Final: Candelária :: Linha 343,-22.902320,-43.181850
348,Ponto Final: Riocentro,-22.976090,-43.413840,Ponto Final: Candelária :: Linhas para Jacarepaguá,-22.901154,-43.177501
349,Ponto Final: Rocha Miranda :: Safiras,-22.853205,-43.352900,,,
35,Terminal Paulo da Portela :: Plataforma A,-22.877670,-43.336820,Terminal Alvorada :: Plataforma B9,-23.001330,-43.366010
350,Ponto Final: Irajá :: Estrada Pedro Borges de Freitas,-22.831701,-43.329168,Terminal Churchill :: Plataforma Norte,-22.908874,-43.170562
352,Ponto Final: Riocentro,-22.976090,-43.413840,Ponto Final: Candelária :: Linhas para Jacarepaguá,-22.901154,-43.177501
353,Terminal Arquiteto Julius Sass :: Plataforma B,-22.958240,-43.352160,Terminal Gentileza :: Plataforma A11,-22.899929,-43.210843
355,Ponto Final: Madureira :: Madureira Shopping (Guarapari),-22.869890,-43.341363,Ponto Final: Praça Tiradentes,-22.907310,-43.183000
361,Ponto Final: Recreio dos Bandeirantes :: Terreirão,-23.021630,-43.482640,Ponto Final: Castelo :: Linha 361,-22.905260,-43.176480
362,Ponto Final: Honório Gurgel :: João Paulo,-22.838338,-43.362665,Ponto Regulador: Castelo :: Linhas para a Zona Norte,-22.908780,-43.171470
363,Ponto Final: Vila Valqueire :: Praça Saiqui (Ônibus Convencionais),-22.883020,-43.367580,Ponto Final: Candelária :: Linhas para Zona Oeste,-22.901611,-43.179679
368,Ponto Final: Riocentro,-22.976090,-43.413840,Ponto Final: Candelária :: Linhas para Jacarepaguá,-22.901154,-43.177501
369,Ponto Final: Bangu :: Praça Horácio Hora,-22.874900,-43.462570,Ponto Final: Candelária :: Linha 369,-22.901438,-43.180650
371,Ponto Final: Praça Seca :: Marangá,-22.901318,-43.347259,"Ponto Final: Praça da República :: Linhas 371, 383, SN624 e SV391",-22.908392,-43.189263
378,Ponto Final: Marechal Hermes :: Praça Quinze de Novembro,-22.863830,-43.373380,Ponto Regulador: Castelo :: Linhas para a Zona Norte,-22.908780,-43.171470
380,Ponto Final: Curicica :: Linhas para o Centro,-22.956659,-43.393949,Ponto Final: Candelária :: Linhas para Jacarepaguá,-22.901154,-43.177501
383,Ponto Final: Realengo :: Pirapua,-22.886330,-43.424120,"Ponto Final: Praça da República :: Linhas 371, 383, SN624 e SV391",-22.908392,-43.189263
384,Ponto Final: Pavuna :: Judite Guerra (Linha 384),-22.807205,-43.366805,Ponto Final: Passeio :: Linhas para Pavuna,-22.916058,-43.176554
385,Ponto Final: Village Pavuna,-22.816629,-43.378408,,,
386,Ponto Final: Anchieta :: Arnaldo Murineli,-22.826341,-43.406022,Igreja Nossa Senhora da Candelária,-22.900515,-43.177892
388,Ponto Final: Cesarão :: Rua 36,-22.935610,-43.656220,Ponto Final: Candelária :: Linhas 388 e SR388,-22.901944,-43.182203
390,Ponto Final: Curicica :: Linhas para o Centro,-22.956659,-43.393949,Ponto Final: Candelária :: Linhas para Jacarepaguá,-22.901154,-43.177501
393,Ponto Final: Bangu :: Jardim Violeta (Rua Claudino Pinheiro),-22.897450,-43.486890,"Ponto Final: Candelária :: Linhas 393, 2310, SN388 e SR393",-22.901639,-43.181276
397,Terminal Rodoviário de Campo Grande :: Plat. D.,-22.902140,-43.555160,Ponto Final: Candelária :: Linhas 397 e SR397,-22.901278,-43.180140
399,Ponto Final: Pavuna :: Judite Guerra (Linha 399),-22.806672,-43.366375,Ponto Final: Passeio :: Linhas para Pavuna,-22.916058,-43.176554
40,Terminal Paulo da Portela :: Plataforma A,-22.877670,-43.336820,Terminal Alvorada :: Plataforma B5,-23.001313,-43.365249
409,Ponto Final: Saens Peña :: Linha 409,-22.931494,-43.234319,Ponto Final: Horto,-22.966497,-43.235596
41,Terminal Paulo da Portela :: Plataforma A,-22.877670,-43.336820,Terminal Paralímpico Recreio :: Plataforma A,-23.008509,-43.440389
410,Ponto Final: Saens Peña :: Linha 410,-22.923941,-43.235854,Terminal da PUC :: Plataforma B,-22.979381,-43.231033
415,Terminal Prof. Carlos Manes Bandeira (Usina) :: Plat. D,-22.946357,-43.256559,Ponto Final: Leblon :: Praça Antero de Quental,-22.985490,-43.223500
416,Ponto Final: Saens Peña :: Linha 409,-22.931494,-43.234319,Ponto Final: Horto,-22.966497,-43.235596
42,Terminal Aroldo Melodia :: Plataforma C,-22.839460,-43.239770,Madureira - Manaceia,-22.877590,-43.336226
422,Ponto Final: Engenho Novo :: Dona Romana,-22.911266,-43.271429,Terminal do Cosme Velho :: Plataforma A,-22.939810,-43.199760
426,Terminal Prof. Carlos Manes Bandeira (Usina) :: Plat. C,-22.946300,-43.256660,Ponto Final: Jardim de Alah :: Afrânio de Melo Franco,-22.979600,-43.218240
43,Terminal Aroldo Melodia :: Plataforma C,-22.839460,-43.239770,Santa Efigênia,-22.936650,-43.371750
435,Ponto Final: Grajaú :: Linha 435,-22.922509,-43.264011,Terminal da PUC :: Plataforma A,-22.979071,-43.231112
448,Ponto Final: Furnas :: Linha 448,-22.982040,-43.294950,Metrô São Conrado / Rocinha,-22.992183,-43.253819
455,Terminal Arquiteto Gelton Paciello da Motta :: Plat. A,-22.899758,-43.280338,Ponto Final: Copacabana :: Linhas: 455 e 456,-22.986714,-43.190978
457,Ponto Final: Abolição :: Carlos de Oliveira,-22.885719,-43.300510,Ponto Final: Copacabana :: Linhas: 455 e 456,-22.986714,-43.190978
46,Penha I,-22.841860,-43.277460,Terminal Alvorada :: Plataforma B3,-23.001306,-43.364808
461,Ponto Final: São Cristovão :: Linhas 460 e 461,-22.909844,-43.221063,,,
472,Ponto Final: Triagem,-22.895900,-43.243670,Ponto Final: Leme (Gustavo Sampaio),-22.961690,-43.166110
473,Ponto Final: São Januário,-22.891283,-43.229098,Ponto Final: Lido :: Viveiros de Castro,-22.963702,-43.176042
474,Ponto Final: Jacaré :: Álvaro Seixas,-22.894194,-43.263252,Ponto Final: Copacabana :: Cassino Atlântico,-22.986423,-43.189794
476,Terminal Rodoviário Américo Ayres :: Plat. C,-22.901989,-43.275370,Humberto de Campos,-22.981150,-43.218220
483,Ponto Final: Penha :: Viaduto Luiz Carlos da Vila (Linha 483),-22.836910,-43.284401,Ponto Final: General Osório :: Rua Teixeira de Melo,-22.984883,-43.198536
484,Ponto Final: Olaria :: Estação Olaria,-22.847047,-43.265497,,,
485,Ponto Final: Fundão :: Hélio de Almeida,-22.865332,-43.221536,Ponto Final: General Osório :: Rua Teixeira de Melo,-22.984883,-43.198536
486,,,,Ponto Final: Praça General Osório :: Rua Teresa Aragão,-22.986064,-43.196622
492,Ponto Final: Bancários :: Dr. Agenor de Almeida Loyola,-22.790617,-43.180957,Ponto Final: Prado Júnior,-22.965060,-43.174486
497,Ponto Final: Penha :: Viaduto Luiz Carlos da Vila (Linha 497),-22.836488,-43.283441,Ponto Final: Largo do Machado (Rua do Catete),-22.931537,-43.177512
498,Ponto Final: Penha Circular :: Linha 498,-22.829524,-43.279361,Ponto Final: Largo do Machado (Rua do Catete),-22.931537,-43.177512
50,Terminal Centro Olímpico :: Plataforma A,-22.972006,-43.400998,Terminal Jardim Oceânico :: Plataforma A,-23.006600,-43.312580
507,Ponto Final: Silvestre,-22.945657,-43.207678,Ponto Final: Metrô Largo do Machado,-22.930967,-43.178270
51,Terminal Deodoro :: Plataforma B9,-22.853969,-43.383859,Terminal Paralímpico Recreio :: Plataforma A,-23.008509,-43.440389
513,Ponto Final: Metrô Botafogo (Acesso Mena Barreto),-22.951498,-43.184021,,,
518,Ponto Regulador: Urca :: Linhas 519 e 518 ,-22.943340,-43.161290,,,
519,Ponto Regulador: Urca :: Linhas 519 e 518 ,-22.943340,-43.161290,,,
52,Terminal Deodoro :: Plataforma B4,-22.853832,-43.384252,Terminal Alvorada :: Plataforma B13,-23.001337,-43.366596
53,Terminal Sulacap :: Plataforma A,-22.884607,-43.399428,Terminal Alvorada :: Plataforma B11,-23.001338,-43.366323
539,Ponto Final: São Conrado :: Avenida Prefeito Mendes de Moraes,-22.998650,-43.259573,Ponto Final: Leme (Praça Almirante Julio de Noronha),-22.962030,-43.165260
550,Ponto Final: Cidade de Deus :: Linhas 550 e 558,-22.946253,-43.360483,Ponto Final: Gávea :: Linhas para Zona Oeste,-22.979010,-43.222250
552,Terminal Alvorada :: Plataforma C7,-23.001482,-43.365629,Ponto Final: Rio Sul :: Linha 552,-22.954680,-43.178640
553,Ponto Final: Recreio dos Bandeirantes :: Terreirão,-23.021630,-43.482640,Ponto Final: Rio Sul :: Linha 553 e SP553,-22.954423,-43.178733
554,Ponto Final: Piabas,-23.025190,-43.521708,Ponto Final: Rio Sul :: Linha 554,-22.954091,-43.178855
555,"Ponto Final: Rio das Pedras :: Linhas 555, 861",-22.973490,-43.335370,Ponto Final: Gávea :: Linhas para Zona Oeste,-22.979010,-43.222250
557,Ponto Regulador: Rio das Pedras :: Jardim Clarice,-22.966484,-43.336033,Ponto Final: Copacabana :: Estação Siqueira Campos,-22.966743,-43.186819
565,Terminal Mestre Candeia :: Plat. Oeste,-22.915626,-43.361259,Ponto Final: Gávea :: Linhas para Zona Oeste,-22.979010,-43.222250
583,Terminal do Cosme Velho :: Plataforma B,-22.940030,-43.199880,,,
584,Terminal do Cosme Velho :: Plataforma B,-22.940030,-43.199880,,,
585,Ponto Final: Metrô Largo do Machado,-22.930967,-43.178270,,,
60,Terminal Deodoro :: Plataforma D4,-22.853591,-43.384143,Terminal Gentileza :: Plataforma G2,-22.897883,-43.211935
600,Ponto Final: Boiuna (Lar de Frei Luiz),-22.912860,-43.405200,Ponto Final: Saens Peña :: Linhas 600 e 601,-22.920780,-43.224180
601,Ponto Final: Santa Maria,-22.915823,-43.421700,Ponto Final: Saens Peña :: Linhas 600 e 601,-22.920780,-43.224180
603,Terminal Prof. Carlos Manes Bandeira (Usina) :: Plat. A,-22.946292,-43.256964,"Ponto Final: Saens Peña :: 603, 626, 645",-22.923826,-43.231994
606,Ponto Final: Engenho de Dentro :: Estação Olímpica Engenho de Dentro,-22.895729,-43.294213,Terminal Gentileza :: Plataforma B6,-22.899341,-43.211302
607,Terminal Deputado José de Souza Marques :: Plat. C,-22.881928,-43.329851,Ponto Final: Rio Comprido :: Praça Condessa Paulo de Frontin (Linha 607),-22.924320,-43.209410
608,Ponto Final: Grajaú :: Linha 608,-22.922968,-43.264453,Ponto Final: Saens Peña :: 608,-22.924170,-43.232446
61,Terminal Deodoro :: Plataforma D9,-22.853747,-43.383754,Terminal Gentileza :: Plataforma G1,-22.897592,-43.212281
610,Ponto Final: Del Castilho :: Linhas para Zona Oeste,-22.878735,-43.272276,Terminal Mestre Candeia :: Plat. Leste,-22.915724,-43.361002
611,Ponto Final: Riocentro,-22.976090,-43.413840,Ponto Final: Del Castilho :: Linhas para Zona Oeste,-22.878735,-43.272276
613,Ponto Final: Vargem Grande :: Linha 613,-22.980533,-43.490864,Ponto Final: Del Castilho :: Linhas para Zona Oeste,-22.878735,-43.272276
614,Ponto Final: Del Castilho :: Linhas para Zona Oeste,-22.878735,-43.272276,Terminal Alvorada :: Plataforma D16,-23.001571,-43.365648
616,Ponto Final: Del Castilho :: Linhas para Zona Norte,-22.879669,-43.270374,Terminal Aroldo Melodia :: Plataforma B,-22.839556,-43.239519
621,Ponto Final: Penha :: Linha 621,-22.846246,-43.286651,,,
622,Ponto Final: Penha :: Linha 622,-22.846165,-43.286965,,,
623,Ponto Final: Penha :: José Rucas (Linhas 623 e 628),-22.843998,-43.283484,Ponto Final: Saens Peña :: Linhas 621 e 623,-22.920484,-43.223411
624,Ponto Final: Mariópolis :: Linha 624,-22.828908,-43.419188,Ponto Final: Praça da Bandeira :: Joaquim Palhares,-22.911486,-43.212072
625,Ponto Final: Olaria :: Ministro Moreira de Abreu,-22.852325,-43.281128,"Ponto Final: Saens Peña :: Linhas 622, 625, 627, 630",-22.922718,-43.233199
626,"Ponto Final: Saens Peña :: 603, 626, 645",-22.923826,-43.231994,Ponto Final: Muda,-22.932232,-43.247523
627,Ponto Final: Metrô Inhaúma,-22.874499,-43.284938,"Ponto Final: Saens Peña :: Linhas 622, 625, 627, 630",-22.922718,-43.233199
628,Ponto Final: Penha :: José Rucas (Linhas 623 e 628),-22.843998,-43.283484,Ponto Final: Del Castilho :: Linhas para Zona Norte,-22.879669,-43.270374
629,Ponto Final: Irajá :: Horácio Wells,-22.824810,-43.332599,Ponto Final: Saens Peña :: Linha 629,-22.922814,-43.232537
630,Ponto Final: IAPI da Penha,-22.837156,-43.269823,"Ponto Final: Saens Peña :: Linhas 622, 625, 627, 630",-22.922718,-43.233199
634,Ponto Final: Bananal :: Linhas para Tijuca,-22.789156,-43.161540,Ponto Final: Saens Peña :: Praça Aldir Blanc,-22.926855,-43.233743
635,Ponto Final: Bananal :: Linhas para Tijuca,-22.789156,-43.161540,Ponto Final: Saens Peña :: Praça Aldir Blanc,-22.926855,-43.233743
636,Ponto Final: Merck :: Linhas: 801 e 636,-22.936816,-43.372105,Ponto Final: Saens Peña :: Praça Aldir Blanc,-22.926855,-43.233743
638,Ponto Final: Marechal Hermes :: Massenet,-22.853717,-43.376421,Ponto Final: Saens Peña :: Rua General Roca,-22.925300,-43.232820
639,Ponto Final: Jardim América :: Linhas 639 e 775,-22.811163,-43.329832,Ponto Final: Saens Peña :: Linha 639,-22.923392,-43.234752
645,Terminal Alvorada :: Plataforma D13,-23.001565,-43.365441,"Ponto Final: Saens Peña :: 603, 626, 645",-22.923826,-43.231994
650,Ponto Final: Marechal Hermes :: Estação Marechal Hermes (sentido Madureira),-22.860518,-43.371033,Ponto Final: Engenho Novo :: Magalhães Castro,-22.896690,-43.256713
651,Terminal Nossa Senhora do Amparo :: Plat. C,-22.881524,-43.325248,,,
652,Terminal Nossa Senhora do Amparo :: Plat. C,-22.881524,-43.325248,,,
653,Terminal Deodoro :: Plataforma F5,-22.853712,-43.384084,Agripino Grieco,-22.901838,-43.279631
663,Ponto Final: Méier :: Linhas 663 e 669,-22.899920,-43.279205,Terminal Aroldo Melodia :: Plataforma B,-22.839556,-43.239519
665,Ponto Final: Pavuna :: Mercúrio,-22.806076,-43.363787,Ponto Final: Saens Peña :: Linha 665,-22.922176,-43.232577
669,Ponto Final: Pavuna :: Linha 669,-22.804936,-43.363332,Terminal Rodoviário Américo Ayres :: Plat. B,-22.902111,-43.275297
67,Campo Grande,-22.901810,-43.554770,Terminal Deodoro :: Plataforma C9,-22.853880,-43.383813
678,Terminal Rodoviário Américo Ayres :: Plat. E,-22.901810,-43.275290,Ponto Final: Vila Valqueire :: Praça Saiqui (Ônibus Convencionais),-22.883020,-43.367580
679,Ponto Final: Grotão,-22.847048,-43.290264,Ponto Final: Méier :: Intendente Cunha Menezes,-22.901691,-43.290577
68,Ponto Final: Bangu :: Praça Horácio Hora,-22.874900,-43.462570,Terminal Deodoro :: Plataforma F2,-22.853631,-43.384291
687,Ponto Final: Pavuna :: Linha 687,-22.804244,-43.364479,Ponto Final: Méier :: Linhas 687 e 688,-22.899656,-43.278906
688,Ponto Final: Méier :: Linhas 687 e 688,-22.899656,-43.278906,Ponto Final: Pavuna :: Linha 688,-22.804257,-43.364367
691,Terminal Arquiteto Gelton Paciello da Motta :: Plat. A,-22.899758,-43.280338,Terminal Alvorada :: Plataforma D35,-23.001576,-43.366391
692,Terminal Rodoviário Américo Ayres :: Plat. D,-22.901902,-43.275341,Terminal Alvorada :: Plataforma D28,-23.001573,-43.366171
693,Terminal Arquiteto Gelton Paciello da Motta :: Plat. A,-22.899758,-43.280338,Terminal Alvorada :: Plataforma D35,-23.001576,-43.366391
696,Ponto Final: Méier :: Linhas 663 e 669,-22.899920,-43.279205,Ponto Final: Praia do Dendê,-22.795126,-43.203064
70,Terminal Margaridas :: Linhas BRT,-22.820689,-43.324472,Terminal Gentileza :: Plataforma G2,-22.897883,-43.211935
711,Ponto Final: Rocha Miranda :: Rubis,-22.838778,-43.350908,Ponto Final: Rio Comprido :: Praça Condessa Paulo de Frontin (Linha 711),-22.924380,-43.208800
712,Terminal Nossa Senhora do Amparo :: Plat. A,-22.881496,-43.325472,Ponto Final: Irajá :: Horácio Wells,-22.824810,-43.332599
721,Ponto Final: Vila Cruzeiro :: José Rucas,-22.846571,-43.284697,Terminal Nossa Senhora do Amparo :: Plat. A,-22.881496,-43.325472
73,Terminal Margaridas :: Linhas BRT,-22.820689,-43.324472,Terminal Gentileza :: Plataforma G2,-22.897883,-43.211935
731,Ponto Final: Campo Grande :: Linhas para Zona Norte,-22.901540,-43.557260,Ponto Final: Marechal Hermes :: João Vicente (Linhas via Água Branca),-22.861556,-43.369832
737,Ponto Final: Santíssimo :: Teixeira Campos (Linha 737),-22.878670,-43.511780,Terminal Nossa Senhora do Amparo :: Plat. B,-22.881509,-43.325358
741,Terminal Sulacap :: Plataforma B (Ônibus Convencionais),-22.884522,-43.399807,,,
743,Terminal Sulacap :: Plataforma B (Ônibus Convencionais),-22.884522,-43.399807,,,
745,Ponto Final: Bangu :: Rua Boiobi,-22.893690,-43.473440,Terminal Deputado José de Souza Marques :: Plat. B,-22.881848,-43.329789
746,Ponto Final: Senador Camará :: Estrada dos Coqueiros,-22.878310,-43.491940,Terminal Deputado José de Souza Marques :: Plat. A,-22.881793,-43.329684
753,Terminal Rodoviário Urbano Álvaro Alberto,-22.915100,-43.682750,Ponto Final: Metrô Coelho Neto,-22.832010,-43.342910
754,Terminal Rodoviário Urbano Álvaro Alberto,-22.915100,-43.682750,Terminal Deodoro :: Plataforma E7,-22.853977,-43.384031
756,Terminal Rodoviário Urbano Álvaro Alberto,-22.915100,-43.682750,Ponto Final: Metrô Coelho Neto,-22.832010,-43.342910
757,Ponto Final: Sepetiba :: Linhas 757 e 898,-22.985370,-43.686610,Ponto Final: Metrô Coelho Neto,-22.832010,-43.342910
759,Ponto Final: Cesarão :: Rua 36,-22.935610,-43.656220,Ponto Final: Metrô Coelho Neto,-22.832010,-43.342910
764,Ponto Final: Catiri :: Nova Prata,-22.852010,-43.470650,Terminal Deodoro :: Plataforma F10,-22.853853,-43.383752
765,Ponto Final: Largo do Mendanha,-22.848365,-43.544398,Terminal Deodoro :: Plataforma F11,-22.853878,-43.383693
766,Ponto Final: Madureira :: Rua Antônio de Abreu,-22.869370,-43.341270,Ponto Final: Freguesia :: Hospital Federal Cardoso Fontes,-22.925386,-43.315148
770,Ponto Final: Campo Grande :: Linhas para Zona Norte,-22.901540,-43.557260,Ponto Final: Metrô Coelho Neto,-22.832010,-43.342910
771,Ponto Final: Campo Grande :: Linhas para Zona Norte,-22.901540,-43.557260,Ponto Final: Metrô Coelho Neto,-22.832010,-43.342910
774,"Ponto Final: Madureira :: Linhas 774, SV774 e 940",-22.870317,-43.341938,Ponto Final: Jardim América :: Linha 774,-22.807253,-43.327419
775,Ponto Final: Jardim América :: Linhas 639 e 775,-22.811163,-43.329832,Capitão Couto Menezes,-22.883076,-43.344106
778,Ponto Final: Pavuna :: Linha 778,-22.804521,-43.362193,Terminal Nossa Senhora do Amparo :: Plat. C,-22.881524,-43.325248
779,Ponto Final: Pavuna :: Comendador Guerra (Linha 779),-22.806096,-43.367598,Terminal Paulo da Portela :: Plataforma C,-22.878537,-43.336200
780,Ponto Final: Pavuna :: Comendador Guerra (Linha 779),-22.806096,-43.367598,Terminal Paulo da Portela :: Plataforma C,-22.878537,-43.336200
783,Terminal Deodoro :: Plataforma E8,-22.854009,-43.383956,Doutor Bernardino,-22.896967,-43.348397
785,Terminal Nossa Senhora do Amparo :: Plat. A,-22.881496,-43.325472,Ponto Final: Marechal Hermes :: Massenet,-22.853717,-43.376421
786,Terminal Rodoviário de Campo Grande :: Plat. D.,-22.902140,-43.555160,Terminal Nossa Senhora do Amparo :: Plat. C,-22.881524,-43.325248
788,Terminal Rodoviário de Campo Grande :: Plat. D.,-22.902140,-43.555160,Terminal Deodoro :: Plataforma E10,-22.854068,-43.383811
790,Ponto Final: Campo Grande :: Linhas para Zona Norte,-22.901540,-43.557260,Terminal Nossa Senhora do Amparo :: Plat. B,-22.881509,-43.325358
791,Ponto Final: Padre Miguel,-22.892940,-43.453640,Terminal Deodoro :: Plataforma E9,-22.854038,-43.383881
793,Ponto Final: Pavuna :: Comendador Guerra (Linha 793),-22.806333,-43.367780,Terminal Sulacap :: Plataforma A (Ônibus Convencionais),-22.884560,-43.399540
794,Ponto Final: Bangu :: Bangu Shopping (Rua dos Açudes),-22.879130,-43.468900,Terminal Deputado José de Souza Marques :: Plat. A,-22.881793,-43.329684
796,Ponto Final: Campo Grande :: Linhas para Zona Norte,-22.901540,-43.557260,Terminal Deodoro :: Plataforma F12,-22.853900,-43.383631
798,Ponto Final: Campo Grande :: Linhas para Zona Norte,-22.901540,-43.557260,Terminal Deodoro :: Plataforma E11,-22.854095,-43.383736
799,Ponto Final: Pavuna :: Judite Guerra (Linha 399),-22.806672,-43.366375,Ponto Final: Bangu :: Bangu Shopping (Rua Bangu),-22.880280,-43.466410
80,Penha II,-22.842010,-43.276840,Terminal Gentileza :: Plataforma F3,-22.898422,-43.211546
801,Ponto Final: Bangu :: Bangu Shopping (Rua dos Açudes),-22.879130,-43.468900,Ponto Final: Merck :: Linhas: 801 e 636,-22.936816,-43.372105
802,Terminal Rodoviário de Campo Grande :: Plat. A.,-22.901600,-43.555350,Ponto Final: Bangu :: Linhas para Campo Grande,-22.875840,-43.463620
803,Ponto Final: Senador Camará :: Estrada dos Coqueiros,-22.878910,-43.491210,Ponto Final: Merck :: Linha 803,-22.935607,-43.372015
804,Terminal Curral Falso :: Linhas LECD109 (804) e 807,-22.937080,-43.667639,Ponto Final: Campo Grande :: Rua Gianerini,-22.901446,-43.560665
805,Terminal Alvorada :: Plataforma C6,-23.001480,-43.365475,Terminal Nuta James,-23.005478,-43.312534
807,Praça dos Jesuítas,-22.873100,-43.676250,Terminal Curral Falso :: Linhas LECD109 (804) e 807,-22.937080,-43.667639
808,Ponto Final: Salim,-22.879259,-43.594783,Ponto Final: Campo Grande :: Linhas para Zona Oeste (via Rua Barcelos Domingos),-22.902398,-43.561559
809,Aterrado do Leme :: Linha 809,-22.886750,-43.656060,Estação Santa Cruz :: Norte,-22.915230,-43.685270
810,Terminal Bandeira Brasil (Taquara) :: Plat. Leste,-22.923392,-43.374281,Estação Pontal,-23.016046,-43.516128
812,Ponto Final: Largo do Mendanha,-22.848365,-43.544398,Ponto Final: Bangu :: Bangu Shopping (Rua Bangu),-22.880280,-43.466410
817,Estação Pontal,-23.016407,-43.516307,Ponto Final: Vargem Grande,-22.962952,-43.489603
819,Ponto Final: Jardim Bangu :: Roque Barbosa,-22.843500,-43.467680,Ponto Final: Bangu :: Linha 819,-22.876377,-43.463617
820,Praça Elza Pinho Osborne,-22.925417,-43.517436,Terminal Mato Alto: Norte :: Linha 820,-22.993741,-43.596231
821,Ponto Final: Campo Grande :: Linhas para Zona Oeste (via Rua Lucília),-22.902056,-43.559857,,,
822,Ponto Final: Campo Grande :: Linhas para Zona Oeste (via Rua Barcelos Domingos),-22.902398,-43.561559,,,
825,Ponto Final: Campo Grande :: Rua Gianerini,-22.901446,-43.560665,Praça dos Jesuítas,-22.873100,-43.676250
826,Ponto Final: Carobinha,-22.849884,-43.532875,Ponto Final: Campo Grande :: Linhas para Zona Oeste (via Rua Lucília),-22.902056,-43.559857
829,Terminal Arquiteto Julius Sass :: Plataforma B,-22.958240,-43.352160,,,
830,Mendanha,-22.836910,-43.562800,Ponto Final: Campo Grande :: Linhas para Zona Oeste (via Rua Lucília),-22.902056,-43.559857
831,Colônia :: Linha 831,-22.948294,-43.394941,Terminal Bandeira Brasil (Taquara) :: Plat. Oeste,-22.923641,-43.374354
833,Ponto Final: Manguariba :: Praça da Rua 43,-22.872110,-43.625240,Ponto Final: Campo Grande :: Rua Gianerini,-22.901446,-43.560665
834,Terminal Rodoviário de Campo Grande :: Plat. B.,-22.901680,-43.555060,Ponto Final: Guaratiba :: Cabuçu de Baixo ,-22.947527,-43.579502
835,Ponto Final: Largo do Correia,-22.955618,-43.576295,Terminal Rodoviário de Campo Grande :: Plat. B.,-22.901680,-43.555060
836,Praça Elza Pinho Osborne,-22.925417,-43.517436,Terminal Rodoviário de Campo Grande :: Plat. B.,-22.901680,-43.555060
837,Terminal Rodoviário de Campo Grande :: Plat. B.,-22.901680,-43.555060,Pedreira,-22.928736,-43.541755
838,Terminal Rodoviário de Campo Grande :: Plat. A.,-22.901600,-43.555350,Terminal Magarça :: Linhas Alimentadoras,-22.968440,-43.622120
840,Ponto Final: São Fernando,-22.889850,-43.717440,Ponto Final: Campo Grande :: Rua Gianerini,-22.901446,-43.560665
841,Ponto Final: Campo Grande :: Linhas para Zona Oeste (via Rua Lucília),-22.902056,-43.559857,Ponto Final: Inhoaíba :: Vilar Carioca,-22.915135,-43.601426
842,Estação Paciência :: Norte,-22.916020,-43.633700,Ponto Final: Campo Grande :: Rua Gianerini,-22.901446,-43.560665
843,Terminal Rodoviário de Campo Grande :: Plat. B.,-22.901680,-43.555060,,,
844,Desembargador Araújo Jorge,-23.010520,-43.297410,,,
845,Ponto Final: Cantagalo,-22.929570,-43.588320,Terminal Rodoviário de Campo Grande :: Plat. B.,-22.901680,-43.555060
846,Ponto Final: Rio da Prata :: Linha 846,-22.916500,-43.505190,Terminal Rodoviário de Campo Grande :: Plat. C.,-22.901970,-43.555010
847,Ponto Final: Rio da Prata :: Linha 847,-22.925370,-43.517740,Terminal Rodoviário de Campo Grande :: Plat. C.,-22.901970,-43.555010
848,Terminal Rodoviário de Campo Grande :: Plat. C.,-22.901970,-43.555010,,,
849,Ponto Final: Base Aérea de Santa Cruz,-22.922520,-43.700510,Ponto Final: Campo Grande :: Rua Gianerini,-22.901446,-43.560665
850,Ponto Final :: Mendanha,-22.843647,-43.534023,Ponto Final: Campo Grande :: Linhas para Zona Oeste (via Rua Lucília),-22.902056,-43.559857
851,Ítalo Del Cima,-22.902110,-43.546500,,,
852,Terminal Rodoviário de Campo Grande :: Plat. A.,-22.901600,-43.555350,,,
853,Terminal Mato Alto: Norte :: Linhas 853 e SV853,-22.993955,-43.595893,Terminal Deodoro :: Plataforma E3,-22.853863,-43.384310
854,Terminal Rodoviário de Campo Grande :: Plat. B.,-22.901680,-43.555060,Estação Ilha de Guaratiba,-23.008917,-43.540776
855,Terminal Magarça :: Linhas Alimentadoras,-22.968440,-43.622120,Terminal Deodoro :: Plataforma E5,-22.853915,-43.384170
856,Ponto Final :: Capoeira Grande,-22.985306,-43.626776,Terminal Rodoviário de Campo Grande :: Plat. A.,-22.901600,-43.555350
857,Terminal Rodoviário de Campo Grande :: Plat. B.,-22.901680,-43.555060,Terminal Pingo d'Água :: Linhas 857 e SN857,-22.965222,-43.647622
859,Ponto Final: Covanca,-22.922639,-43.343402,Geremário Dantas,-22.918850,-43.359970
861,"Ponto Final: Rio das Pedras :: Linhas 555, 861",-22.973490,-43.335370,Ponto Final: Curicica :: Estrada da Curicica,-22.956170,-43.393480
862,Ponto Final: Rio das Pedras :: Linhas 862 e 880,-22.972900,-43.335670,,,
863,Ponto Final :: Linhas 863 e SV863,-22.967067,-43.335606,,,
864,Terminal Rodoviário de Campo Grande :: Plat. A.,-22.901600,-43.555350,Terminal Sulacap :: Plataforma A (Ônibus Convencionais),-22.884560,-43.399540
865,Ponto Final: Pau da Fome,-22.930539,-43.438411,Terminal Bandeira Brasil (Taquara) :: Plat. Oeste,-22.923641,-43.374354
866,Terminal Rodoviário de Campo Grande :: Plat. A.,-22.901600,-43.555350,,,
867,Ponto Final: Barra de Guaratiba :: Praia,-23.066612,-43.568028,Terminal Rodoviário de Campo Grande :: Plat. A.,-22.901600,-43.555350
868,Metalis,-22.895460,-43.654140,Ponto Final: Campo Grande :: Rua Gianerini,-22.901446,-43.560665
869,Jamacaru,-22.896077,-43.612148,Ponto Final: Campo Grande :: Linhas para Zona Oeste (via Rua Barcelos Domingos),-22.902398,-43.561559
870,Ponto Final: Sepetiba :: Linha 870,-22.988500,-43.689030,Terminal Rodoviário Urbano Álvaro Alberto,-22.915100,-43.682750
871,Terminal Pingo d'Água :: Linha 871,-22.965517,-43.647715,Ponto Final: Cesarão :: Rua 36,-22.935610,-43.656220
872,Terminal Mato Alto: Sul :: Linha 872,-22.993558,-43.597540,,,
878,Terminal Mestre Candeia :: Plat. Oeste,-22.915626,-43.361259,Praça do Ó,-23.012400,-43.318650
880,Ponto Final: Rio das Pedras :: Linhas 862 e 880,-22.972900,-43.335670,Terminal Alvorada :: Plataforma D42,-23.001586,-43.366914
881,Terminal Bandeira Brasil (Taquara) :: Plat. Leste,-22.923392,-43.374281,Terminal Alvorada :: Plataforma D20,-23.001567,-43.365937
883,Terminal Mato Alto: Norte :: Linha 883,-22.993854,-43.596070,Terminal Deodoro :: Plataforma E4,-22.853888,-43.384240
884,Ponto Final: Sepetiba :: Praia do Recôncavo,-22.984340,-43.695440,Terminal Rodoviário de Campo Grande :: Plat. A.,-22.901600,-43.555350
885,Terminal Mato Alto: Sul :: Linhas 885 e SN885,-22.993622,-43.597626,Terminal Rodoviário Urbano Álvaro Alberto,-22.915100,-43.682750
892,Terminal Rodoviário Urbano Álvaro Alberto,-22.915100,-43.682750,,,
893,Jardim Palmares :: Linha 893,-22.891810,-43.644750,Ponto Final: Campo Grande :: Linhas para Zona Oeste (via Rua Barcelos Domingos),-22.902398,-43.561559
894,Terminal Rodoviário de Campo Grande :: Plat. C.,-22.901970,-43.555010,,,
895,Ponto Final: Serrinha :: Linha 895,-22.841363,-43.566795,Ponto Final: Campo Grande :: Linhas para Zona Oeste (via Rua Lucília),-22.902056,-43.559857
897,Ponto Final: Paciência :: Estação Paciência :: Sul,-22.916610,-43.632580,Terminal Pingo d'Água :: Linhas 897 e SN897,-22.965242,-43.647711
898,Ponto Final: Sepetiba :: Linhas 757 e 898,-22.985370,-43.686610,Ponto Final: Campo Grande :: Rua Gianerini,-22.901446,-43.560665
899,Ponto Final: Barra de Guaratiba :: Marambaia,-23.063120,-43.565690,Terminal Paralímpico Recreio :: Plataforma A,-23.008162,-43.441028
90,Terminal Aroldo Melodia :: Plataforma D,-22.839544,-43.239890,Terminal Gentileza :: Plataforma F4,-22.898901,-43.210972
900,Terminal Bandeira Brasil (Taquara) :: Plat. Oeste,-22.923641,-43.374354,Ponto Final: Downtown,-23.004800,-43.319250
901,Ponto Final: Bonsucesso :: Dona Isabel (Linhas para Ilha do Governador),-22.868764,-43.254783,Ponto Final: Bananal :: Linhas para Zona Norte,-22.789006,-43.161648
905,Ponto Final: Bonsucesso :: Avenida Roma,-22.866433,-43.249743,Ponto Final: Irajá :: Hipócrates,-22.825308,-43.332262
906,Ponto Final: Jardim América :: Linha 906,-22.810202,-43.329202,Ponto Final: Caju :: General Sampaio,-22.877428,-43.216143
908,Terminal Deodoro :: Plataforma F4,-22.853683,-43.384151,Ponto Final: Bonsucesso :: Saint Hilaire,-22.868063,-43.256081
910,Ponto Final: Bananal :: Linhas para Zona Norte,-22.789006,-43.161648,Ponto Final: Irajá :: Padre Roser,-22.840601,-43.314867
913,Ponto Final: Del Castilho :: Linhas para Zona Norte,-22.879669,-43.270374,Terminal Aroldo Melodia :: Plataforma B,-22.839556,-43.239519
915,Ponto Final: Bonsucesso :: Dona Isabel (Linhas para Ilha do Governador),-22.868764,-43.254783,Ponto Final: Aeroporto Internacional :: Área de Apoio,-22.808068,-43.261066
917,Ponto Final: Padre Miguel :: Praça do Skate,-22.889040,-43.446599,Ponto Final: Bonsucesso :: Clemenceau,-22.868612,-43.256041
918,Ponto Final: Jardim Violeta (Rua Narandiba),-22.894890,-43.490640,Ponto Final: Bonsucesso :: Itaóca,-22.867720,-43.256840
919,Ponto Final: Pavuna :: Linha 919,-22.804386,-43.363260,Clínica da Família Adib Jatene,-22.864336,-43.239564
920,Ponto Final: Pavuna :: Linha 920,-22.804402,-43.363139,Ponto Final: Bonsucesso :: Linha 920,-22.867804,-43.256135
921,Terminal da Ribeira :: Plataforma C,-22.825494,-43.169325,EISA,-22.786449,-43.187330
922,Tubiacanga :: Linha 922,-22.784874,-43.226547,Terminal Aroldo Melodia :: Plataforma A,-22.839544,-43.239374
925,EISA,-22.786449,-43.187330,Ponto Final: Aeroporto Internacional :: Área de Apoio,-22.808068,-43.261066
926,Ponto Final: Senador Camará :: Linha 926,-22.868940,-43.483130,Ponto Final: Penha :: Plínio de Oliveira (Linha 926),-22.841740,-43.279580
928,Ponto Final: Marechal Hermes :: Linha 928,-22.859788,-43.369540,Ponto Final: Bonsucesso :: Avenida Roma,-22.866433,-43.249743
932,Terminal Arquiteto Julius Sass :: Plataforma B,-22.958240,-43.352160,Terminal Mestre Candeia :: Plat. Central,-22.915667,-43.361160
940,Ponto Final: Ramos :: Piscinão de Ramos,-22.843433,-43.251348,"Ponto Final: Madureira :: Linhas 774, SV774 e 940",-22.870317,-43.341938
946,Ponto Final: Pavuna :: Praça Copérnico (Linha 946),-22.806743,-43.364498,Ponto Final: Engenho da Rainha :: Adhemar Bebiano,-22.865404,-43.299333
954,Terminal Bandeira Brasil (Taquara) :: Plat. Leste,-22.923392,-43.374281,Ponto Final: Recreio dos Bandeirantes :: Terreirão,-23.021838,-43.482377
961,Ponto final :: Rio das Pedras,-22.980162,-43.326849,Ponto Final: Recreio dos Bandeirantes :: Terreirão,-23.021630,-43.482640
975,Ponto Final: Madureira :: Madureira Shopping (Guarapari),-22.869890,-43.341363,Terminal Aroldo Melodia :: Plataforma B,-22.839556,-43.239519
979,Terminal Paulo da Portela :: Plataforma C,-22.878537,-43.336200,Terminal Aroldo Melodia :: Plataforma B,-22.839556,-43.239519
987,Terminal Arquiteto Julius Sass :: Plataforma B,-22.958240,-43.352160,,,
990,Ponto Final: Merck :: Linha 990,-22.935335,-43.372092,Passarela da Barra,-23.007562,-43.303971
ESP01,Galeão - Tom Jobim 2,-22.814510,-43.246330,Terminal Gentileza :: Plataforma F5,-22.899220,-43.210342
LECD126,Terminal Arquiteto Gelton Paciello da Motta :: Plat. B,-22.899871,-43.280375,,,
LECD127,Terminal da PUC :: Plataforma A,-22.979071,-43.231112,Ponto Final: Santo Cristo :: Cidade de Lima,-22.899838,-43.205825
LECD128,Terminal Gentileza :: Plataforma A7,-22.899445,-43.211425,Ponto Final: Alto Gávea :: Parque da Cidade,-22.982038,-43.240976
LECD129,Terminal Alvorada :: Plataforma D42,-23.001586,-43.366914,Terminal Procópio Ferreira :: Plat. Central,-22.904898,-43.192358
LECD130,Terminal Gentileza :: Plataforma A3,-22.899119,-43.211817,,,
LECD131,Ponto Final: São Conrado,-22.998852,-43.270560,Terminal Gentileza :: Plataforma A1,-22.898973,-43.212002
LECD132,Ponto Final: Norte Shopping :: Gandavo,-22.886572,-43.285418,Ponto Final: Copacabana :: Linhas: 455 e 456,-22.986714,-43.190978
LECD133,Ponto Final: São Cristovão :: Linhas 460 e 461,-22.909844,-43.221063,,,
LECD134,Terminal Procópio Ferreira :: Plat. Sul,-22.904988,-43.192317,Ponto Final: Jardim de Alah :: Afrânio de Melo Franco,-22.979600,-43.218240
LECD135,Ponto Final: Paula Matos,-22.912870,-43.193220,Terminal Procópio Ferreira :: Plat. Norte,-22.904565,-43.191892
LECD136,Terminal Gentileza :: Plataforma A1,-22.898973,-43.212002,Ponto Final: Leme (Praça Almirante Julio de Noronha),-22.962030,-43.165260
LECD137,Terminal Alvorada :: Plataforma C4,-23.001475,-43.365200,Terminal Procópio Ferreira :: Plat. Norte,-22.904565,-43.191892
LECD138,Ponto Final: São Conrado :: Avenida Prefeito Mendes de Moraes,-22.998650,-43.259573,Ponto Final: Leme (Praça Almirante Julio de Noronha),-22.962030,-43.165260
LECD139,Ponto Final: Saens Peña :: Linha 409,-22.931494,-43.234319,Terminal da PUC :: Plataforma B,-22.979381,-43.231033
LECD140,Terminal Margaridas :: Linhas Alimentadoras,-22.819953,-43.324011,Terminal Arquiteto Gelton Paciello da Motta :: Plat. A,-22.899758,-43.280338
LECD141,Terminal Margaridas :: Linhas Alimentadoras,-22.819953,-43.324011,Terminal Arquiteto Gelton Paciello da Motta :: Plat. A,-22.899758,-43.280338
LECD142,"Ponto Final: Madureira :: Linhas 774, SV774 e 940",-22.870317,-43.341938,Ponto Final: Jardim América :: Linha 774,-22.807253,-43.327419
LECD143,Ponto Final: Pavuna :: Linha 944,-22.806548,-43.364834,Terminal Margaridas :: Linhas Alimentadoras,-22.819953,-43.324011
LECD144,Ponto Final: Metrô Vicente de Carvalho :: Atacadão,-22.853959,-43.312856,,,
LECD145,Ponto Final: Metrô Vicente de Carvalho :: Atacadão,-22.853959,-43.312856,,,
LECD146,Ponto Final: Metrô Vicente de Carvalho :: Atacadão,-22.853959,-43.312856,,,
LECD147,Ponto Final: Pavuna :: Mercúrio,-22.806076,-43.363787,Ponto Final: Saens Peña :: Linha 665,-22.922176,-43.232577
LECD148,Terminal Margaridas :: Linhas Alimentadoras,-22.819953,-43.324011,Terminal Arquiteto Gelton Paciello da Motta :: Plat. A,-22.899758,-43.280338
SE100,Terminal Procópio Ferreira :: Plat. Norte,-22.904565,-43.191892,Ponto Final: Metrô General Osório :: Rua Visconde de Pirajá,-22.984747,-43.197457
SE169,Terminal Gentileza :: Plataforma A8,-22.899543,-43.211313,Réveillon - Linhas Sentido Centro e Rodoviária,-22.946137,-43.181587
SE2338,,,,"BRS 3,I: Visconde de Ouro Preto I",-22.946493,-43.182672
SE238,Ponto Final: Água Santa :: Joaquim Martins,-22.898888,-43.313189,Réveillon - Linhas Sentido Zona Norte,-22.946143,-43.181934
SE265,Ponto Final: Marechal Hermes :: Sirici,-22.857105,-43.366164,Réveillon - Linhas Sentido Zona Norte,-22.946143,-43.181934
SE298,Ponto Final: Acari :: Pedro Jório,-22.830754,-43.353504,Réveillon - Linhas Sentido Zona Norte,-22.946143,-43.181934
SE312,Ponto Final: Penha :: Aimoré,-22.844015,-43.284501,Réveillon - Linhas Sentido Zona Norte,-22.946143,-43.181934
SE324,Terminal da Ribeira :: Plataforma B,-22.825542,-43.169242,Réveillon - Linhas Sentido Zona Norte,-22.946143,-43.181934
SE328,Ponto Final: Bananal :: Linhas para o Centro,-22.789137,-43.161960,Réveillon - Linhas Sentido Zona Norte,-22.946143,-43.181934
SE355,Carolina Machado :: Linhas sentido Madureira,-22.872676,-43.342437,Réveillon - Linhas Sentido Zona Norte,-22.946143,-43.181934
SE363,Ponto Final: Vila Valqueire :: Praça Saiqui (Ônibus Convencionais),-22.883020,-43.367580,Réveillon - Linhas Sentido Zona Norte,-22.946143,-43.181934
SE368,Ponto Final: Riocentro,-22.976090,-43.413840,Réveillon - Linhas Sentido Zona Norte,-22.946143,-43.181934
SE383,Ponto Final: Realengo :: Pirapua,-22.886330,-43.424120,Réveillon - Linhas Sentido Zona Norte,-22.946143,-43.181934
SE388,Ponto Final: Cesarão :: Rua 36,-22.935610,-43.656220,Réveillon - Linhas Sentido Zona Norte,-22.946143,-43.181934
SE393,Ponto Final: Bangu :: Jardim Violeta (Rua Claudino Pinheiro),-22.897450,-43.486890,Réveillon - Linhas Sentido Zona Norte,-22.946143,-43.181934
SE397,Terminal Rodoviário de Campo Grande :: Plat. D.,-22.902140,-43.555160,Réveillon - Linhas Sentido Zona Norte,-22.946143,-43.181934
SE399,Ponto Final: Pavuna :: Judite Guerra (Linha 399),-22.806672,-43.366375,Réveillon - Linhas Sentido Zona Norte,-22.946143,-43.181934
SE410,Ponto Final: Saens Peña :: Linha 410,-22.923941,-43.235854,Réveillon - Linhas Sentido Zona Norte,-22.946143,-43.181934
SE457,Ponto Final: Abolição :: Carlos de Oliveira,-22.885719,-43.300510,Réveillon - Linhas Sentido Zona Norte,-22.946143,-43.181934
SE474,Terminal Rodoviário Américo Ayres :: Plat. C,-22.901989,-43.275370,Réveillon - Linhas Sentido Zona Norte,-22.946143,-43.181934
SE483,Ponto Final: Penha :: Viaduto Luiz Carlos da Vila (Linha 483),-22.836910,-43.284401,Réveillon - Linhas Sentido Zona Norte,-22.946143,-43.181934
SE550,Ponto Final: Cidade de Deus :: Linhas 550 e 558,-22.946253,-43.360483,"BRS 1,2: Visconde de Ouro Preto II",-22.947373,-43.182628
SE553,Ponto Final: Recreio dos Bandeirantes :: Terreirão,-23.021838,-43.482377,"BRS 1,2: Visconde de Ouro Preto II",-22.947373,-43.182628
SE554,Ponto Final: Piabas,-23.025190,-43.521708,"BRS 1,2: Visconde de Ouro Preto II",-22.947373,-43.182628
SEB232,Ponto Final: Engenho de Dentro :: Intendente Cunha Menezes,-22.900769,-43.290262,Réveillon - Linhas Sentido Zona Norte,-22.946143,-43.181934
SN007,Ponto Final: Silvestre,-22.945657,-43.207678,Central do Brasil,-22.903070,-43.190830
SN104,Ponto Final: São Conrado,-22.998852,-43.270560,Terminal Gentileza :: Plataforma B4,-22.899158,-43.211514
SN133,Ponto Final: Metrô Largo do Machado,-22.930967,-43.178270,Terminal Gentileza :: Plataforma B12,-22.899904,-43.210618
SN209,Igreja Nossa Senhora da Candelária,-22.900515,-43.177892,Ponto Final: Caju :: General Sampaio,-22.877428,-43.216143
SN232,Ponto Final: Engenho de Dentro :: Intendente Cunha Menezes,-22.900769,-43.290262,Terminal Churchill :: Plataforma Sul,-22.908986,-43.170703
SN238,Ponto Final: Água Santa :: Joaquim Martins,-22.898888,-43.313189,Terminal Churchill :: Plataforma Sul,-22.908986,-43.170703
SN265,Ponto Final: Marechal Hermes :: Sirici,-22.857105,-43.366164,Ponto Regulador: Castelo :: Linha 265,-22.908115,-43.170819
SN298,Ponto Final: Acari :: Pedro Jório,-22.830754,-43.353504,Terminal Churchill :: Plataforma Sul,-22.908986,-43.170703
SN302,Terminal Gentileza :: Plataforma A10,-22.899788,-43.211015,Terminal Alvorada :: Plataforma D7,-23.001558,-43.365079
SN312,Ponto Final: Penha :: Aimoré,-22.844015,-43.284501,Igreja Nossa Senhora da Candelária,-22.900515,-43.177892
SN324,Terminal da Ribeira :: Plataforma B,-22.825542,-43.169242,Ponto Final: Candelária :: Linhas 324 e 329,-22.902430,-43.181646
SN328,Ponto Final: Bananal :: Linhas para o Centro,-22.789137,-43.161960,Ponto Final: Candelária :: Linha 328,-22.902674,-43.182390
SN353,Terminal Arquiteto Julius Sass :: Plataforma B,-22.958240,-43.352160,Terminal Gentileza :: Plataforma A11,-22.899929,-43.210843
SN355,Ponto Final: Madureira :: Madureira Shopping (Guarapari),-22.869890,-43.341363,Ponto Final: Praça Tiradentes,-22.907310,-43.183000
SN363,Ponto Final: Vila Valqueire :: Praça Saiqui (Ônibus Convencionais),-22.883020,-43.367580,Ponto Final: Candelária :: Linhas para Zona Norte,-22.902005,-43.180841
SN368,Ponto Final: Riocentro,-22.976090,-43.413840,Ponto Final: Candelária :: Linhas para Jacarepaguá,-22.901154,-43.177501
SN383,Ponto Final: Realengo :: Pirapua,-22.886330,-43.424120,"Ponto Final: Praça da República :: Linhas 371, 383, SN624 e SV391",-22.908392,-43.189263
SN388,Ponto Final: Cesarão :: Rua 36,-22.935610,-43.656220,"Ponto Final: Candelária :: Linhas 393, 2310, SN388 e SR393",-22.901639,-43.181276
SN393,Ponto Final: Bangu :: Jardim Violeta (Rua Claudino Pinheiro),-22.897450,-43.486890,"Ponto Final: Candelária :: Linhas 393, 2310, SN388 e SR393",-22.901639,-43.181276
SN397,Terminal Rodoviário de Campo Grande :: Plat. D.,-22.902140,-43.555160,Ponto Final: Candelária :: Linhas 397 e SR397,-22.901278,-43.180140
SN399,Ponto Final: Pavuna :: Judite Guerra (Linha 399),-22.806672,-43.366375,Ponto Final: Passeio :: Linhas para Pavuna,-22.916058,-43.176554
SN415,Terminal Prof. Carlos Manes Bandeira (Usina) :: Plat. D,-22.946357,-43.256559,Ponto Final: Leblon :: Praça Antero de Quental,-22.985490,-43.223500
SN422,Ponto Final: Engenho Novo :: Dona Romana,-22.911266,-43.271429,Terminal do Cosme Velho :: Plataforma A,-22.939810,-43.199760
SN457,Ponto Final: Abolição :: Carlos de Oliveira,-22.885719,-43.300510,Ponto Final: Copacabana :: Linhas: 455 e 456,-22.986714,-43.190978
SN474,Terminal Rodoviário Américo Ayres :: Plat. C,-22.901989,-43.275370,Ponto Final: Copacabana :: Cassino Atlântico,-22.986423,-43.189794
SN483,Ponto Final: Penha :: Viaduto Luiz Carlos da Vila (Linha 483),-22.836910,-43.284401,Ponto Final: General Osório :: Rua Teixeira de Melo,-22.984883,-43.198536
SN497,Ponto Final: Penha :: Viaduto Luiz Carlos da Vila (Linha 497),-22.836488,-43.283441,Ponto Final: Largo do Machado (Rua do Catete),-22.931537,-43.177512
SN550,Ponto Final: Cidade de Deus :: Linha 953,-22.946444,-43.359992,Ponto Final: Gávea :: Linhas para Zona Oeste,-22.979010,-43.222250
SN554,Ponto Final: Piabas,-23.025190,-43.521708,Ponto Final: Metrô Botafogo (Acesso Mena Barreto),-22.951498,-43.184021
SN565,Terminal Mestre Candeia :: Plat. Oeste,-22.915626,-43.361259,Ponto Final: Gávea :: Linhas para Zona Oeste,-22.979010,-43.222250
SN600,Ponto Final: Boiuna (Lar de Frei Luiz),-22.912860,-43.405200,Ponto Final: Saens Peña :: Linhas 600 e 601,-22.920780,-43.224180
SN624,Ponto Final: Mariópolis :: Linha 624,-22.828908,-43.419188,"Ponto Final: Praça da República :: Linhas 371, 383, SN624 e SV391",-22.908392,-43.189263
SN629,Ponto Final: Irajá :: Horácio Wells,-22.824810,-43.332599,Ponto Final: Saens Peña :: Linha 629,-22.922814,-43.232537
SN634,Ponto Final: Bananal :: Linhas para Tijuca,-22.789156,-43.161540,Ponto Final: Saens Peña :: Praça Aldir Blanc,-22.926855,-43.233743
SN636,Ponto Final: Merck :: Linhas: 801 e 636,-22.936816,-43.372105,Ponto Final: Saens Peña :: Praça Aldir Blanc,-22.926855,-43.233743
SN639,Ponto Final: Jardim América :: Linhas 639 e 775,-22.811163,-43.329832,Ponto Final: Saens Peña :: Linha 639,-22.923392,-43.234752
SN696,Ponto Final: Méier :: Linhas 663 e 669,-22.899920,-43.279205,Ponto Final: Praia do Dendê,-22.795126,-43.203064
SN731,Ponto Final: Campo Grande :: Linhas para Zona Norte,-22.901540,-43.557260,Ponto Final: Marechal Hermes :: João Vicente (Linhas via Água Branca),-22.861556,-43.369832
SN779,Ponto Final: Pavuna :: Comendador Guerra (Linha 779),-22.806096,-43.367598,Terminal Paulo da Portela :: Plataforma C,-22.878537,-43.336200
SN790,Ponto Final: Campo Grande :: Linhas para Zona Norte,-22.901540,-43.557260,Terminal Nossa Senhora do Amparo :: Plat. B,-22.881509,-43.325358
SN794,Ponto Final: Senador Camará :: Estrada dos Coqueiros,-22.878910,-43.491210,Terminal Deputado José de Souza Marques :: Plat. A,-22.881793,-43.329684
SN803,Ponto Final: Senador Camará :: Estrada dos Coqueiros,-22.878910,-43.491210,Ponto Final: Merck :: Linha 803,-22.935607,-43.372015
SN810,Terminal Bandeira Brasil (Taquara) :: Plat. Leste,-22.923392,-43.374281,Estação Pontal,-23.016046,-43.516128
SN821,Ponto Final: Campo Grande :: Linhas para Zona Oeste (via Rua Lucília),-22.902056,-43.559857,,,
SN825,Ponto Final: Campo Grande :: Rua Gianerini,-22.901446,-43.560665,Praça dos Jesuítas,-22.873100,-43.676250
SN840,Ponto Final: São Fernando,-22.889850,-43.717440,Ponto Final: Campo Grande :: Rua Gianerini,-22.901446,-43.560665
SN846,Ponto Final: Rio da Prata :: Linha 846,-22.916500,-43.505190,Terminal Rodoviário de Campo Grande :: Plat. C.,-22.901970,-43.555010
SN848,Terminal Rodoviário de Campo Grande :: Plat. C.,-22.901970,-43.555010,,,
SN853,Terminal Mato Alto: Norte :: Linhas 853 e SV853,-22.993955,-43.595893,Terminal Deodoro :: Plataforma E11,-22.854095,-43.383736
SN857,Terminal Rodoviário de Campo Grande :: Plat. B.,-22.901680,-43.555060,Terminal Pingo d'Água :: Linhas 857 e SN857,-22.965222,-43.647622
SN861,"Ponto Final: Rio das Pedras :: Linhas 555, 861",-22.973490,-43.335370,Ponto Final: Curicica :: Estrada da Curicica,-22.956170,-43.393480
SN867,Ponto Final: Barra de Guaratiba :: Praia,-23.066612,-43.568028,Terminal Rodoviário de Campo Grande :: Plat. A.,-22.901600,-43.555350
SN878,Terminal Mestre Candeia :: Plat. Oeste,-22.915626,-43.361259,Praça do Ó,-23.012400,-43.318650
SN880,Ponto Final: Rio das Pedras :: Linhas 862 e 880,-22.972900,-43.335670,Terminal Alvorada :: Plataforma D42,-23.001586,-43.366914
SN884,Ponto Final: Sepetiba :: Praia do Recôncavo,-22.984340,-43.695440,Terminal Rodoviário de Campo Grande :: Plat. A.,-22.901600,-43.555350
SN885,Terminal Mato Alto: Sul :: Linhas 885 e SN885,-22.993622,-43.597626,Terminal Rodoviário Urbano Álvaro Alberto,-22.915100,-43.682750
SN893,Jardim Palmares :: Linha 893,-22.891810,-43.644750,Ponto Final: Campo Grande :: Linhas para Zona Oeste (via Rua Barcelos Domingos),-22.902398,-43.561559
SN895,Ponto Final: Campo Grande :: Linhas para Zona Oeste (via Rua Lucília),-22.902056,-43.559857,,,
SN897,Terminal Rodoviário Urbano Álvaro Alberto,-22.915100,-43.682750,Terminal Pingo d'Água :: Linhas 897 e SN897,-22.965242,-43.647711
SN898,Ponto Final: Sepetiba :: Linhas 757 e 898,-22.985370,-43.686610,Ponto Final: Campo Grande :: Rua Gianerini,-22.901446,-43.560665
SN908,Terminal Deodoro :: Plataforma F4,-22.853683,-43.384151,Ponto Final: Bonsucesso :: Saint Hilaire,-22.868063,-43.256081
SN919,Ponto Final: Pavuna :: Linha 919,-22.804386,-43.363260,Clínica da Família Adib Jatene,-22.864336,-43.239564
SN954,Terminal Bandeira Brasil (Taquara) :: Plat. Leste,-22.923392,-43.374281,Ponto Final: Recreio dos Bandeirantes :: Terreirão,-23.021838,-43.482377
SP265,Ponto Final: Marechal Hermes :: Sirici,-22.857105,-43.366164,Terminal Gentileza :: Plataforma B8,-22.899551,-43.211058
SP324,Terminal da Ribeira :: Plataforma B,-22.825542,-43.169242,Terminal Aroldo Melodia :: Plataforma A,-22.839544,-43.239374
SP328,Ponto Final: Bananal :: Linhas para o Centro,-22.789137,-43.161960,Terminal Aroldo Melodia :: Plataforma A,-22.839544,-43.239374
SP329,Ponto Final: Bancários :: Ilha das Enxadas,-22.790684,-43.181062,Terminal Aroldo Melodia :: Plataforma A,-22.839544,-43.239374
SP343,Via Light,-22.977584,-43.334112,,,
SP389,Corretor,-22.868422,-43.477490,Terminal Deodoro :: Plataforma F12,-22.853900,-43.383631
SP404,Bela,-22.885926,-43.228785,,,
SP485,"BRS 1,3,5: Cidade Nova",-22.909665,-43.206426,,,
SP635,Terminal Aroldo Melodia :: Plataforma B,-22.839556,-43.239519,Ponto Final: Saens Peña :: Praça Aldir Blanc,-22.926855,-43.233743
SP759,Ponto Final: Cesarão :: Rua 36,-22.935610,-43.656220,Terminal Deodoro :: Plataforma E6,-22.853947,-43.384101
SP766,Levy Miranda,-22.937850,-43.338850,,,
SP795,Ponto Final: Pavuna :: Comendador Guerra (Linha 793),-22.806333,-43.367780,Terminal Deodoro :: Plataforma F9,-22.853826,-43.383814
SP801,Ponto Final: Bangu :: Bangu Shopping (Rua dos Açudes),-22.879130,-43.468900,Terminal Sulacap :: Plataforma B (Ônibus Convencionais),-22.884522,-43.399807
SP803,Ponto Final: Senador Camará :: Estrada dos Coqueiros,-22.878910,-43.491210,Terminal Sulacap :: Plataforma B (Ônibus Convencionais),-22.884522,-43.399807
SP805,Terminal Alvorada :: Plataforma C6,-23.001480,-43.365475,,,
SP810,Terminal Bandeira Brasil (Taquara) :: Plat. Leste,-22.923392,-43.374281,Escola de Equitação Haras Pégasus,-22.977637,-43.499743
SP864,Terminal Rodoviário de Campo Grande :: Plat. A.,-22.901600,-43.555350,Ponto Final: Bangu :: Linhas para Campo Grande,-22.875840,-43.463620
SP918,Ponto Final: Jardim Violeta (Rua Narandiba),-22.894890,-43.490640,Terminal Deodoro :: Plataforma F6,-22.853739,-43.384017
SPA483,Fiocruz,-22.877960,-43.241450,,,
SPA550,Ponto Final: Cidade de Deus :: Linha 953,-22.946444,-43.359992,Metrô São Conrado / Rocinha,-22.992183,-43.253819
SPA613,Ponto Final: Riocentro,-22.976090,-43.413840,Ponto Final: Del Castilho :: Linhas para Zona Oeste,-22.878735,-43.272276
SPB326,EISA,-22.786449,-43.187330,Terminal Aroldo Melodia :: Plataforma A,-22.839544,-43.239374
SPB483,Teixeira Ribeiro,-22.856383,-43.249661,,,
SPB550,Ponto Final: Tijuquinha :: SPB550,-22.987888,-43.310573,Ponto Final: Gávea :: Linhas para Zona Oeste,-22.979010,-43.222250
SR300,Terminal Sulacap :: Plataforma A (Ônibus Convencionais),-22.884560,-43.399540,Ponto Final: Candelária :: Linhas para Zona Norte,-22.902005,-43.180841
SR328,Ponto Final: Bananal :: Linhas para o Centro,-22.789137,-43.161960,Ponto Final: Candelária :: Linha 328,-22.902674,-43.182390
SR342,Ponto Final: Jardim América :: Linhas para o Centro,-22.810677,-43.329519,Terminal Churchill :: Plataforma Sul,-22.908986,-43.170703
SR355,Ponto Final: Madureira :: Madureira Shopping (Guarapari),-22.869890,-43.341363,Ponto Final: Praça Tiradentes,-22.907310,-43.183000
SR362,Ponto Final: Honório Gurgel :: João Paulo,-22.838338,-43.362665,Ponto Regulador: Castelo :: Linhas para a Zona Norte,-22.908780,-43.171470
SR378,Ponto Final: Marechal Hermes :: Praça Quinze de Novembro,-22.863830,-43.373380,Ponto Regulador: Castelo :: Linhas para a Zona Norte,-22.908780,-43.171470
SR384,Ponto Final: Pavuna :: Judite Guerra (Linha 384),-22.807205,-43.366805,Ponto Final: Passeio :: Linhas para Pavuna,-22.916058,-43.176554
SR386,Ponto Final: Anchieta :: Arnaldo Murineli,-22.826341,-43.406022,Igreja Nossa Senhora da Candelária,-22.900515,-43.177892
SR388,Ponto Final: Cesarão :: Rua 36,-22.935610,-43.656220,Ponto Final: Candelária :: Linhas 388 e SR388,-22.901944,-43.182203
SR393,Ponto Final: Bangu :: Jardim Violeta (Rua Claudino Pinheiro),-22.897450,-43.486890,"Ponto Final: Candelária :: Linhas 393, 2310, SN388 e SR393",-22.901639,-43.181276
SR397,Terminal Rodoviário de Campo Grande :: Plat. D.,-22.902140,-43.555160,Ponto Final: Candelária :: Linhas 397 e SR397,-22.901278,-43.180140
SR399,Ponto Final: Pavuna :: Judite Guerra (Linha 399),-22.806672,-43.366375,Ponto Final: Passeio :: Linhas para Pavuna,-22.916058,-43.176554
SV363,Ponto Final: Vila Valqueire :: Praça Saiqui (Ônibus Convencionais),-22.883020,-43.367580,Ponto Final: Candelária :: Linhas para Zona Oeste,-22.901611,-43.179679
SV384,Ponto Final: Pavuna :: Judite Guerra (Linha 384),-22.807205,-43.366805,Ponto Final: Passeio :: Linhas para Pavuna,-22.916058,-43.176554
SV391,Ponto Final: Padre Miguel,-22.892940,-43.453640,"Ponto Final: Praça da República :: Linhas 371, 383, SN624 e SV391",-22.908392,-43.189263
SV474,Ponto Final: Jacaré :: Álvaro Seixas,-22.894194,-43.263252,Ponto Final: Copacabana :: Cassino Atlântico,-22.986423,-43.189794
SV483,Ponto Final: General Osório :: Rua Teixeira de Melo,-22.984883,-43.198536,,,
SV606,Ponto Final: Engenho de Dentro :: Estação Olímpica Engenho de Dentro,-22.895729,-43.294213,Terminal Gentileza :: Plataforma B6,-22.899341,-43.211302
SV624,Ponto Final: Mariópolis :: Linha 624,-22.828908,-43.419188,Ponto Final: Praça da Bandeira :: Joaquim Palhares,-22.911486,-43.212072
SV669,Ponto Final: Pavuna :: Linha 669,-22.804936,-43.363332,Terminal Rodoviário Américo Ayres :: Plat. B,-22.902111,-43.275297
SV692,Terminal Rodoviário Américo Ayres :: Plat. D,-22.901902,-43.275341,Terminal Alvorada :: Plataforma D28,-23.001573,-43.366171
SV777,Ponto Final: Padre Miguel,-22.892940,-43.453640,Ponto Final: Madureira :: Rua Antônio de Abreu,-22.869370,-43.341270
SV790,Ponto Final: Campo Grande :: Linhas para Zona Norte,-22.901540,-43.557260,Terminal Nossa Senhora do Amparo :: Plat. B,-22.881509,-43.325358
SV831,Colônia :: Linha 831,-22.948294,-43.394941,Terminal Bandeira Brasil (Taquara) :: Plat. Oeste,-22.923641,-43.374354
SV853,Terminal Mato Alto: Norte :: Linhas 853 e SV853,-22.993955,-43.595893,Terminal Deodoro :: Plataforma E2,-22.853836,-43.384374
SV863,Ponto Final :: Linhas 863 e SV863,-22.967067,-43.335606,,,
SV866,Terminal Rodoviário de Campo Grande :: Plat. A.,-22.901600,-43.555350,Terminal Pingo d'Água :: Linha SV866,-22.965101,-43.647617
SV878,Terminal Mestre Candeia :: Plat. Central,-22.915667,-43.361160,Praça do Ó,-23.012400,-43.318650
SV899,Ponto Final: Barra de Guaratiba :: Marambaia,-23.063120,-43.565690,Terminal Paralímpico Recreio :: Plataforma A,-23.008162,-43.441028
SV908,Terminal Deodoro :: Plataforma F4,-22.853683,-43.384151,,,
SV917,Ponto Final: Padre Miguel :: Praça do Skate,-22.889040,-43.446599,Ponto Final: Bonsucesso :: Clemenceau,-22.868612,-43.256041
SV921,EISA,-22.786449,-43.187330,Terminal da Ribeira :: Plataforma B,-22.825542,-43.169242
SV922,Tubiacanga :: Linha 922,-22.784874,-43.226547,Terminal Aroldo Melodia :: Plataforma A,-22.839544,-43.239374
SVB665,Ponto Final: Pavuna :: Mercúrio,-22.806076,-43.363787,Ponto Final: Saens Peña :: Linha 665,-22.922176,-43.232577
SVB901,Ponto Final: Bonsucesso :: Dona Isabel (Linhas para Ilha do Governador),-22.868764,-43.254783,Ponto Final: Bananal :: Linhas para Zona Norte,-22.789006,-43.161648
